id,x,y,z,radius,element,chain,resid,resname,atom
c<A>r<13>a<1>R<THR>A<N>,0.411,47.272,30.977,1.55,N,A,13,THR,N
c<A>r<13>a<2>R<THR>A<CA>,-0.159,46.35,29.944,1.7,C,A,13,THR,CA
c<A>r<13>a<3>R<THR>A<C>,-0.103,46.822,28.477,1.7,C,A,13,THR,C
c<A>r<13>a<4>R<THR>A<O>,-0.733,46.187,27.622,1.52,O,A,13,THR,O
c<A>r<13>a<5>R<THR>A<CB>,-1.638,45.964,30.274,1.7,C,A,13,THR,CB
c<A>r<13>a<6>R<THR>A<OG1>,-2.448,47.143,30.421,1.52,O,A,13,THR,OG1
c<A>r<13>a<7>R<THR>A<CG2>,-1.71,45.143,31.552,1.7,C,A,13,THR,CG2
c<A>r<13>a<8>R<THR>A<HA>,0.485,45.479,29.892,1.2,H,A,13,THR,HA
c<A>r<13>a<9>R<THR>A<HB>,-1.965,45.396,29.413,1.2,H,A,13,THR,HB
c<A>r<13>a<10>R<THR>A<HG1>,-2.076,47.692,31.107,1.2,H,A,13,THR,HG1
c<A>r<13>a<11>R<THR>A<HG21>,-1.11,44.254,31.423,1.2,H,A,13,THR,HG21
c<A>r<13>a<12>R<THR>A<HG22>,-1.358,45.739,32.375,1.2,H,A,13,THR,HG22
c<A>r<13>a<13>R<THR>A<HG23>,-2.749,44.872,31.663,1.2,H,A,13,THR,HG23
c<A>r<14>a<14>R<GLY>A<N>,0.628,47.892,28.141,1.55,N,A,14,GLY,N
c<A>r<14>a<15>R<GLY>A<CA>,0.719,48.41,26.767,1.7,C,A,14,GLY,CA
c<A>r<14>a<16>R<GLY>A<C>,-0.335,49.48,26.478,1.7,C,A,14,GLY,C
c<A>r<14>a<17>R<GLY>A<O>,-0.013,50.669,26.589,1.52,O,A,14,GLY,O
c<A>r<14>a<18>R<GLY>A<H>,1.135,48.41,28.812,1.2,H,A,14,GLY,H
c<A>r<14>a<19>R<GLY>A<HA2>,1.7,48.818,26.549,1.2,H,A,14,GLY,HA2
c<A>r<14>a<20>R<GLY>A<HA3>,0.537,47.574,26.109,1.2,H,A,14,GLY,HA3
c<A>r<15>a<21>R<ASP>A<N>,-1.548,49.085,26.07,1.55,N,A,15,ASP,N
c<A>r<15>a<22>R<ASP>A<CA>,-2.588,50.075,25.808,1.7,C,A,15,ASP,CA
c<A>r<15>a<23>R<ASP>A<C>,-3.815,49.683,24.98,1.7,C,A,15,ASP,C
c<A>r<15>a<24>R<ASP>A<O>,-4.326,48.557,25.003,1.52,O,A,15,ASP,O
c<A>r<15>a<25>R<ASP>A<CB>,-1.984,51.37,25.252,1.7,C,A,15,ASP,CB
c<A>r<15>a<26>R<ASP>A<CG>,-2.085,52.53,26.227,1.7,C,A,15,ASP,CG
c<A>r<15>a<27>R<ASP>A<OD1>,-2.765,52.42,27.275,1.52,O,A,15,ASP,OD1
c<A>r<15>a<28>R<ASP>A<OD2>,-1.473,53.58,25.948,1.52,O,A,15,ASP,OD2
c<A>r<15>a<29>R<ASP>A<H>,-1.748,48.133,25.921,1.2,H,A,15,ASP,H
c<A>r<15>a<30>R<ASP>A<HA>,-3.034,50.298,26.767,1.2,H,A,15,ASP,HA
c<A>r<15>a<31>R<ASP>A<HB2>,-0.969,51.137,24.963,1.2,H,A,15,ASP,HB2
c<A>r<15>a<32>R<ASP>A<HB3>,-2.375,51.605,24.277,1.2,H,A,15,ASP,HB3
c<A>r<16>a<33>R<ASN>A<N>,-4.26,50.74,24.292,1.55,N,A,16,ASN,N
c<A>r<16>a<34>R<ASN>A<CA>,-5.418,50.855,23.416,1.7,C,A,16,ASN,CA
c<A>r<16>a<35>R<ASN>A<C>,-6.374,51.57,24.372,1.7,C,A,16,ASN,C
c<A>r<16>a<36>R<ASN>A<O>,-7.397,52.149,23.978,1.52,O,A,16,ASN,O
c<A>r<16>a<37>R<ASN>A<CB>,-5.981,49.497,22.973,1.7,C,A,16,ASN,CB
c<A>r<16>a<38>R<ASN>A<CG>,-5.081,48.76,21.98,1.7,C,A,16,ASN,CG
c<A>r<16>a<39>R<ASN>A<OD1>,-4.758,47.578,22.187,1.52,O,A,16,ASN,OD1
c<A>r<16>a<40>R<ASN>A<ND2>,-4.675,49.45,20.909,1.55,N,A,16,ASN,ND2
c<A>r<16>a<41>R<ASN>A<H>,-3.781,51.587,24.382,1.2,H,A,16,ASN,H
c<A>r<16>a<42>R<ASN>A<HA>,-5.161,51.491,22.574,1.2,H,A,16,ASN,HA
c<A>r<16>a<43>R<ASN>A<HB2>,-6.052,48.906,23.864,1.2,H,A,16,ASN,HB2
c<A>r<16>a<44>R<ASN>A<HB3>,-6.936,49.664,22.502,1.2,H,A,16,ASN,HB3
c<A>r<16>a<45>R<ASN>A<HD21>,-4.058,49.003,20.282,1.2,H,A,16,ASN,HD21
c<A>r<16>a<46>R<ASN>A<HD22>,-4.945,50.367,20.708,1.2,H,A,16,ASN,HD22
c<A>r<17>a<47>R<SER>A<N>,-5.946,51.495,25.629,1.55,N,A,17,SER,N
c<A>r<17>a<48>R<SER>A<CA>,-6.566,52.078,26.823,1.7,C,A,17,SER,CA
c<A>r<17>a<49>R<SER>A<C>,-6.323,53.584,26.755,1.7,C,A,17,SER,C
c<A>r<17>a<50>R<SER>A<O>,-5.202,54.012,26.495,1.52,O,A,17,SER,O
c<A>r<17>a<51>R<SER>A<CB>,-5.915,51.529,28.104,1.7,C,A,17,SER,CB
c<A>r<17>a<52>R<SER>A<OG>,-6.613,51.936,29.259,1.52,O,A,17,SER,OG
c<A>r<17>a<53>R<SER>A<H>,-5.117,50.988,25.793,1.2,H,A,17,SER,H
c<A>r<17>a<54>R<SER>A<HA>,-7.62,51.886,26.805,1.2,H,A,17,SER,HA
c<A>r<17>a<55>R<SER>A<HB2>,-5.802,50.455,28.089,1.2,H,A,17,SER,HB2
c<A>r<17>a<56>R<SER>A<HB3>,-4.912,51.935,28.227,1.2,H,A,17,SER,HB3
c<A>r<17>a<57>R<SER>A<HG>,-6.739,52.891,29.289,1.2,H,A,17,SER,HG
c<A>r<18>a<58>R<ASN>A<N>,-7.344,54.391,26.985,1.55,N,A,18,ASN,N
c<A>r<18>a<59>R<ASN>A<CA>,-7.164,55.835,26.908,1.7,C,A,18,ASN,CA
c<A>r<18>a<60>R<ASN>A<C>,-7.323,56.521,28.254,1.7,C,A,18,ASN,C
c<A>r<18>a<61>R<ASN>A<O>,-7.28,57.751,28.319,1.52,O,A,18,ASN,O
c<A>r<18>a<62>R<ASN>A<CB>,-8.183,56.448,25.935,1.7,C,A,18,ASN,CB
c<A>r<18>a<63>R<ASN>A<CG>,-7.837,56.231,24.458,1.7,C,A,18,ASN,CG
c<A>r<18>a<64>R<ASN>A<OD1>,-8.738,56.174,23.643,1.52,O,A,18,ASN,OD1
c<A>r<18>a<65>R<ASN>A<ND2>,-6.553,56.134,24.107,1.55,N,A,18,ASN,ND2
c<A>r<18>a<66>R<ASN>A<H>,-8.196,53.974,27.213,1.2,H,A,18,ASN,H
c<A>r<18>a<67>R<ASN>A<HA>,-6.167,56.067,26.56,1.2,H,A,18,ASN,HA
c<A>r<18>a<68>R<ASN>A<HB2>,-9.143,55.987,26.115,1.2,H,A,18,ASN,HB2
c<A>r<18>a<69>R<ASN>A<HB3>,-8.273,57.509,26.101,1.2,H,A,18,ASN,HB3
c<A>r<18>a<70>R<ASN>A<HD21>,-6.298,55.969,23.175,1.2,H,A,18,ASN,HD21
c<A>r<18>a<71>R<ASN>A<HD22>,-5.841,56.234,24.771,1.2,H,A,18,ASN,HD22
c<A>r<19>a<72>R<VAL>A<N>,-7.551,55.748,29.313,1.55,N,A,19,VAL,N
c<A>r<19>a<73>R<VAL>A<CA>,-7.709,56.346,30.632,1.7,C,A,19,VAL,CA
c<A>r<19>a<74>R<VAL>A<C>,-6.84,55.634,31.657,1.7,C,A,19,VAL,C
c<A>r<19>a<75>R<VAL>A<O>,-6.315,54.555,31.403,1.52,O,A,19,VAL,O
c<A>r<19>a<76>R<VAL>A<CB>,-9.184,56.27,31.161,1.7,C,A,19,VAL,CB
c<A>r<19>a<77>R<VAL>A<CG1>,-10.127,57.2,30.374,1.7,C,A,19,VAL,CG1
c<A>r<19>a<78>R<VAL>A<CG2>,-9.717,54.843,31.173,1.7,C,A,19,VAL,CG2
c<A>r<19>a<79>R<VAL>A<H>,-7.613,54.78,29.207,1.2,H,A,19,VAL,H
c<A>r<19>a<80>R<VAL>A<HA>,-7.409,57.388,30.619,1.2,H,A,19,VAL,HA
c<A>r<19>a<81>R<VAL>A<HB>,-9.202,55.867,30.174,1.2,H,A,19,VAL,HB
c<A>r<19>a<82>R<VAL>A<HG11>,-10.156,56.933,29.329,1.2,H,A,19,VAL,HG11
c<A>r<19>a<83>R<VAL>A<HG12>,-11.126,57.08,30.769,1.2,H,A,19,VAL,HG12
c<A>r<19>a<84>R<VAL>A<HG13>,-9.869,58.248,30.433,1.2,H,A,19,VAL,HG13
c<A>r<19>a<85>R<VAL>A<HG21>,-9.657,54.29,30.247,1.2,H,A,19,VAL,HG21
c<A>r<19>a<86>R<VAL>A<HG22>,-9.147,54.284,31.899,1.2,H,A,19,VAL,HG22
c<A>r<19>a<87>R<VAL>A<HG23>,-10.739,54.886,31.521,1.2,H,A,19,VAL,HG23
c<A>r<20>a<88>R<VAL>A<N>,-6.682,56.286,32.806,1.55,N,A,20,VAL,N
c<A>r<20>a<89>R<VAL>A<CA>,-5.927,55.712,33.906,1.7,C,A,20,VAL,CA
c<A>r<20>a<90>R<VAL>A<C>,-6.686,54.465,34.386,1.7,C,A,20,VAL,C
c<A>r<20>a<91>R<VAL>A<O>,-7.927,54.43,34.387,1.52,O,A,20,VAL,O
c<A>r<20>a<92>R<VAL>A<CB>,-5.813,56.69,35.113,1.7,C,A,20,VAL,CB
c<A>r<20>a<93>R<VAL>A<CG1>,-4.867,57.824,34.795,1.7,C,A,20,VAL,CG1
c<A>r<20>a<94>R<VAL>A<CG2>,-7.171,57.289,35.496,1.7,C,A,20,VAL,CG2
c<A>r<20>a<95>R<VAL>A<H>,-7.09,57.172,32.888,1.2,H,A,20,VAL,H
c<A>r<20>a<96>R<VAL>A<HA>,-4.948,55.404,33.568,1.2,H,A,20,VAL,HA
c<A>r<20>a<97>R<VAL>A<HB>,-5.421,56.168,35.971,1.2,H,A,20,VAL,HB
c<A>r<20>a<98>R<VAL>A<HG11>,-5.232,58.348,33.922,1.2,H,A,20,VAL,HG11
c<A>r<20>a<99>R<VAL>A<HG12>,-4.838,58.476,35.655,1.2,H,A,20,VAL,HG12
c<A>r<20>a<100>R<VAL>A<HG13>,-3.89,57.424,34.586,1.2,H,A,20,VAL,HG13
c<A>r<20>a<101>R<VAL>A<HG21>,-7.871,56.509,35.739,1.2,H,A,20,VAL,HG21
c<A>r<20>a<102>R<VAL>A<HG22>,-7.022,57.942,36.346,1.2,H,A,20,VAL,HG22
c<A>r<20>a<103>R<VAL>A<HG23>,-7.555,57.894,34.687,1.2,H,A,20,VAL,HG23
c<A>r<21>a<104>R<THR>A<N>,-5.957,53.41,34.734,1.55,N,A,21,THR,N
c<A>r<21>a<105>R<THR>A<CA>,-6.578,52.186,35.233,1.7,C,A,21,THR,CA
c<A>r<21>a<106>R<THR>A<C>,-5.857,51.761,36.511,1.7,C,A,21,THR,C
c<A>r<21>a<107>R<THR>A<O>,-4.685,52.088,36.71,1.52,O,A,21,THR,O
c<A>r<21>a<108>R<THR>A<CB>,-6.527,51.047,34.211,1.7,C,A,21,THR,CB
c<A>r<21>a<109>R<THR>A<OG1>,-5.176,50.892,33.78,1.52,O,A,21,THR,OG1
c<A>r<21>a<110>R<THR>A<CG2>,-7.415,51.37,33.005,1.7,C,A,21,THR,CG2
c<A>r<21>a<111>R<THR>A<H>,-4.984,53.478,34.644,1.2,H,A,21,THR,H
c<A>r<21>a<112>R<THR>A<HA>,-7.615,52.388,35.468,1.2,H,A,21,THR,HA
c<A>r<21>a<113>R<THR>A<HB>,-6.814,50.106,34.661,1.2,H,A,21,THR,HB
c<A>r<21>a<114>R<THR>A<HG1>,-4.569,50.74,34.51,1.2,H,A,21,THR,HG1
c<A>r<21>a<115>R<THR>A<HG21>,-7.135,52.317,32.566,1.2,H,A,21,THR,HG21
c<A>r<21>a<116>R<THR>A<HG22>,-7.295,50.577,32.285,1.2,H,A,21,THR,HG22
c<A>r<21>a<117>R<THR>A<HG23>,-8.439,51.435,33.347,1.2,H,A,21,THR,HG23
c<A>r<22>a<118>R<MET>A<N>,-6.56,51.041,37.377,1.55,N,A,22,MET,N
c<A>r<22>a<119>R<MET>A<CA>,-6.013,50.566,38.64,1.7,C,A,22,MET,CA
c<A>r<22>a<120>R<MET>A<C>,-5.049,49.404,38.473,1.7,C,A,22,MET,C
c<A>r<22>a<121>R<MET>A<O>,-5.171,48.589,37.565,1.52,O,A,22,MET,O
c<A>r<22>a<122>R<MET>A<CB>,-7.152,50.11,39.566,1.7,C,A,22,MET,CB
c<A>r<22>a<123>R<MET>A<CG>,-6.756,49.688,40.99,1.7,C,A,22,MET,CG
c<A>r<22>a<124>R<MET>A<SD>,-7.997,50.269,42.143,1.8,S,A,22,MET,SD
c<A>r<22>a<125>R<MET>A<CE>,-9.366,49.333,41.626,1.7,C,A,22,MET,CE
c<A>r<22>a<126>R<MET>A<H>,-7.482,50.818,37.14,1.2,H,A,22,MET,H
c<A>r<22>a<127>R<MET>A<HA>,-5.499,51.381,39.127,1.2,H,A,22,MET,HA
c<A>r<22>a<128>R<MET>A<HB2>,-7.812,50.955,39.66,1.2,H,A,22,MET,HB2
c<A>r<22>a<129>R<MET>A<HB3>,-7.645,49.273,39.099,1.2,H,A,22,MET,HB3
c<A>r<22>a<130>R<MET>A<HG2>,-6.711,48.617,41.118,1.2,H,A,22,MET,HG2
c<A>r<22>a<131>R<MET>A<HG3>,-5.845,50.158,41.328,1.2,H,A,22,MET,HG3
c<A>r<22>a<132>R<MET>A<HE1>,-9.034,48.307,41.67,1.2,H,A,22,MET,HE1
c<A>r<22>a<133>R<MET>A<HE2>,-10.225,49.529,42.248,1.2,H,A,22,MET,HE2
c<A>r<22>a<134>R<MET>A<HE3>,-9.598,49.603,40.607,1.2,H,A,22,MET,HE3
c<A>r<23>a<135>R<ILE>A<N>,-4.027,49.416,39.318,1.55,N,A,23,ILE,N
c<A>r<23>a<136>R<ILE>A<CA>,-2.993,48.39,39.408,1.7,C,A,23,ILE,CA
c<A>r<23>a<137>R<ILE>A<C>,-3.227,47.752,40.783,1.7,C,A,23,ILE,C
c<A>r<23>a<138>R<ILE>A<O>,-3.332,48.444,41.808,1.52,O,A,23,ILE,O
c<A>r<23>a<139>R<ILE>A<CB>,-1.572,48.973,39.451,1.7,C,A,23,ILE,CB
c<A>r<23>a<140>R<ILE>A<CG1>,-1.13,49.416,38.071,1.7,C,A,23,ILE,CG1
c<A>r<23>a<141>R<ILE>A<CG2>,-0.598,47.922,40.0,1.7,C,A,23,ILE,CG2
c<A>r<23>a<142>R<ILE>A<CD1>,0.176,50.153,38.2,1.7,C,A,23,ILE,CD1
c<A>r<23>a<143>R<ILE>A<H>,-3.968,50.181,39.934,1.2,H,A,23,ILE,H
c<A>r<23>a<144>R<ILE>A<HA>,-3.068,47.681,38.603,1.2,H,A,23,ILE,HA
c<A>r<23>a<145>R<ILE>A<HB>,-1.5,49.855,40.073,1.2,H,A,23,ILE,HB
c<A>r<23>a<146>R<ILE>A<HG12>,-1.127,48.541,37.435,1.2,H,A,23,ILE,HG12
c<A>r<23>a<147>R<ILE>A<HG13>,-1.892,50.059,37.658,1.2,H,A,23,ILE,HG13
c<A>r<23>a<148>R<ILE>A<HG21>,-0.65,47.05,39.367,1.2,H,A,23,ILE,HG21
c<A>r<23>a<149>R<ILE>A<HG22>,0.402,48.329,40.015,1.2,H,A,23,ILE,HG22
c<A>r<23>a<150>R<ILE>A<HG23>,-0.837,47.605,41.006,1.2,H,A,23,ILE,HG23
c<A>r<23>a<151>R<ILE>A<HD11>,0.082,51.006,38.849,1.2,H,A,23,ILE,HD11
c<A>r<23>a<152>R<ILE>A<HD12>,0.927,49.483,38.595,1.2,H,A,23,ILE,HD12
c<A>r<23>a<153>R<ILE>A<HD13>,0.461,50.422,37.194,1.2,H,A,23,ILE,HD13
c<A>r<24>a<154>R<ARG>A<N>,-3.372,46.435,40.811,1.55,N,A,24,ARG,N
c<A>r<24>a<155>R<ARG>A<CA>,-3.621,45.769,42.086,1.7,C,A,24,ARG,CA
c<A>r<24>a<156>R<ARG>A<C>,-2.304,45.403,42.763,1.7,C,A,24,ARG,C
c<A>r<24>a<157>R<ARG>A<O>,-1.922,44.23,42.779,1.52,O,A,24,ARG,O
c<A>r<24>a<158>R<ARG>A<CB>,-4.522,44.538,41.887,1.7,C,A,24,ARG,CB
c<A>r<24>a<159>R<ARG>A<CG>,-5.863,44.855,41.207,1.7,C,A,24,ARG,CG
c<A>r<24>a<160>R<ARG>A<CD>,-6.841,43.676,41.292,1.7,C,A,24,ARG,CD
c<A>r<24>a<161>R<ARG>A<NE>,-8.013,43.823,40.419,1.55,N,A,24,ARG,NE
c<A>r<24>a<162>R<ARG>A<CZ>,-8.791,44.905,40.352,1.7,C,A,24,ARG,CZ
c<A>r<24>a<163>R<ARG>A<NH1>,-8.676,45.754,39.34,1.55,N,A,24,ARG,NH1
c<A>r<24>a<164>R<ARG>A<NH2>,-9.695,45.141,41.298,1.55,N,A,24,ARG,NH2
c<A>r<24>a<165>R<ARG>A<H>,-3.301,45.935,39.976,1.2,H,A,24,ARG,H
c<A>r<24>a<166>R<ARG>A<HA>,-4.161,46.434,42.752,1.2,H,A,24,ARG,HA
c<A>r<24>a<167>R<ARG>A<HB2>,-4.0,43.841,41.249,1.2,H,A,24,ARG,HB2
c<A>r<24>a<168>R<ARG>A<HB3>,-4.701,44.046,42.83,1.2,H,A,24,ARG,HB3
c<A>r<24>a<169>R<ARG>A<HG2>,-6.296,45.766,41.592,1.2,H,A,24,ARG,HG2
c<A>r<24>a<170>R<ARG>A<HG3>,-5.684,45.004,40.15,1.2,H,A,24,ARG,HG3
c<A>r<24>a<171>R<ARG>A<HD2>,-6.329,42.763,41.026,1.2,H,A,24,ARG,HD2
c<A>r<24>a<172>R<ARG>A<HD3>,-7.133,43.594,42.329,1.2,H,A,24,ARG,HD3
c<A>r<24>a<173>R<ARG>A<HE>,-8.252,43.062,39.851,1.2,H,A,24,ARG,HE
c<A>r<24>a<174>R<ARG>A<HH11>,-7.989,45.629,38.63,1.2,H,A,24,ARG,HH11
c<A>r<24>a<175>R<ARG>A<HH12>,-9.32,46.522,39.335,1.2,H,A,24,ARG,HH12
c<A>r<24>a<176>R<ARG>A<HH21>,-9.749,44.539,42.095,1.2,H,A,24,ARG,HH21
c<A>r<24>a<177>R<ARG>A<HH22>,-10.346,45.903,41.275,1.2,H,A,24,ARG,HH22
c<A>r<25>a<178>R<ALA>A<N>,-1.627,46.421,43.299,1.55,N,A,25,ALA,N
c<A>r<25>a<179>R<ALA>A<CA>,-0.349,46.311,43.993,1.7,C,A,25,ALA,CA
c<A>r<25>a<180>R<ALA>A<C>,-0.44,45.337,45.17,1.7,C,A,25,ALA,C
c<A>r<25>a<181>R<ALA>A<O>,-1.478,45.195,45.844,1.52,O,A,25,ALA,O
c<A>r<25>a<182>R<ALA>A<CB>,0.079,47.685,44.507,1.7,C,A,25,ALA,CB
c<A>r<25>a<183>R<ALA>A<H>,-2.042,47.308,43.223,1.2,H,A,25,ALA,H
c<A>r<25>a<184>R<ALA>A<HA>,0.384,45.996,43.27,1.2,H,A,25,ALA,HA
c<A>r<25>a<185>R<ALA>A<HB1>,-0.671,48.068,45.184,1.2,H,A,25,ALA,HB1
c<A>r<25>a<186>R<ALA>A<HB2>,1.022,47.577,45.019,1.2,H,A,25,ALA,HB2
c<A>r<25>a<187>R<ALA>A<HB3>,0.196,48.354,43.67,1.2,H,A,25,ALA,HB3
c<A>r<26>a<188>R<GLY>A<N>,0.681,44.67,45.422,1.55,N,A,26,GLY,N
c<A>r<26>a<189>R<GLY>A<CA>,0.821,43.694,46.489,1.7,C,A,26,GLY,CA
c<A>r<26>a<190>R<GLY>A<C>,1.654,44.229,47.625,1.7,C,A,26,GLY,C
c<A>r<26>a<191>R<GLY>A<O>,1.452,45.348,48.094,1.52,O,A,26,GLY,O
c<A>r<26>a<192>R<GLY>A<H>,1.465,44.855,44.867,1.2,H,A,26,GLY,H
c<A>r<26>a<193>R<GLY>A<HA2>,-0.157,43.455,46.881,1.2,H,A,26,GLY,HA2
c<A>r<26>a<194>R<GLY>A<HA3>,1.305,42.817,46.093,1.2,H,A,26,GLY,HA3
c<A>r<27>a<195>R<SER>A<N>,2.6,43.416,48.073,1.55,N,A,27,SER,N
c<A>r<27>a<196>R<SER>A<CA>,3.477,43.784,49.173,1.7,C,A,27,SER,CA
c<A>r<27>a<197>R<SER>A<C>,4.532,44.756,48.688,1.7,C,A,27,SER,C
c<A>r<27>a<198>R<SER>A<O>,4.776,44.858,47.485,1.52,O,A,27,SER,O
c<A>r<27>a<199>R<SER>A<CB>,4.158,42.531,49.707,1.7,C,A,27,SER,CB
c<A>r<27>a<201>R<SER>A<OG>,3.192,41.659,50.255,1.52,O,A,27,SER,OG
c<A>r<27>a<203>R<SER>A<H>,2.713,42.548,47.634,1.2,H,A,27,SER,H
c<A>r<27>a<204>R<SER>A<HA>,2.914,44.25,49.969,1.2,H,A,27,SER,HA
c<A>r<27>a<205>R<SER>A<HB2>,4.587,41.991,48.873,1.2,H,A,27,SER,HB2
c<A>r<27>a<207>R<SER>A<HB3>,4.928,42.762,50.428,1.2,H,A,27,SER,HB3
c<A>r<27>a<209>R<SER>A<HG>,3.637,40.862,50.542,1.2,H,A,27,SER,HG
c<A>r<29>a<211>R<PRO>A<N>,7.81,46.107,47.42,1.55,N,A,29,PRO,N
c<A>r<29>a<212>R<PRO>A<CA>,8.884,45.364,46.755,1.7,C,A,29,PRO,CA
c<A>r<29>a<213>R<PRO>A<C>,10.318,45.642,47.189,1.7,C,A,29,PRO,C
c<A>r<29>a<214>R<PRO>A<O>,10.538,46.503,48.028,1.52,O,A,29,PRO,O
c<A>r<29>a<215>R<PRO>A<CB>,8.706,45.791,45.32,1.7,C,A,29,PRO,CB
c<A>r<29>a<216>R<PRO>A<CG>,8.29,47.233,45.42,1.7,C,A,29,PRO,CG
c<A>r<29>a<217>R<PRO>A<CD>,7.4,47.299,46.648,1.7,C,A,29,PRO,CD
c<A>r<29>a<218>R<PRO>A<HA>,8.712,44.304,46.851,1.2,H,A,29,PRO,HA
c<A>r<29>a<219>R<PRO>A<HB2>,9.643,45.725,44.784,1.2,H,A,29,PRO,HB2
c<A>r<29>a<220>R<PRO>A<HB3>,7.931,45.196,44.867,1.2,H,A,29,PRO,HB3
c<A>r<29>a<221>R<PRO>A<HG2>,9.148,47.877,45.542,1.2,H,A,29,PRO,HG2
c<A>r<29>a<222>R<PRO>A<HG3>,7.709,47.465,44.54,1.2,H,A,29,PRO,HG3
c<A>r<29>a<223>R<PRO>A<HD2>,7.606,48.221,47.168,1.2,H,A,29,PRO,HD2
c<A>r<29>a<224>R<PRO>A<HD3>,6.359,47.194,46.385,1.2,H,A,29,PRO,HD3
c<A>r<31>a<225>R<VAL>A<N>,13.684,47.354,46.721,1.55,N,A,31,VAL,N
c<A>r<31>a<226>R<VAL>A<CA>,13.964,48.56,45.961,1.7,C,A,31,VAL,CA
c<A>r<31>a<227>R<VAL>A<C>,15.44,48.916,46.039,1.7,C,A,31,VAL,C
c<A>r<31>a<228>R<VAL>A<O>,16.198,48.337,46.817,1.52,O,A,31,VAL,O
c<A>r<31>a<229>R<VAL>A<CB>,13.138,49.78,46.511,1.7,C,A,31,VAL,CB
c<A>r<31>a<230>R<VAL>A<CG1>,11.643,49.542,46.335,1.7,C,A,31,VAL,CG1
c<A>r<31>a<231>R<VAL>A<CG2>,13.431,50.072,47.975,1.7,C,A,31,VAL,CG2
c<A>r<31>a<232>R<VAL>A<H>,14.041,47.248,47.628,1.2,H,A,31,VAL,H
c<A>r<31>a<233>R<VAL>A<HA>,13.699,48.397,44.931,1.2,H,A,31,VAL,HA
c<A>r<31>a<234>R<VAL>A<HB>,13.432,50.645,45.929,1.2,H,A,31,VAL,HB
c<A>r<31>a<235>R<VAL>A<HG11>,11.401,49.395,45.293,1.2,H,A,31,VAL,HG11
c<A>r<31>a<236>R<VAL>A<HG12>,11.361,48.664,46.898,1.2,H,A,31,VAL,HG12
c<A>r<31>a<237>R<VAL>A<HG13>,11.113,50.396,46.731,1.2,H,A,31,VAL,HG13
c<A>r<31>a<238>R<VAL>A<HG21>,13.166,49.23,48.599,1.2,H,A,31,VAL,HG21
c<A>r<31>a<239>R<VAL>A<HG22>,14.471,50.335,48.1,1.2,H,A,31,VAL,HG22
c<A>r<31>a<240>R<VAL>A<HG23>,12.83,50.932,48.238,1.2,H,A,31,VAL,HG23
c<B>r<6>a<242>R<A>A<P>,19.543,45.486,37.218,1.8,P,B,6,A,P
c<B>r<6>a<243>R<A>A<OP1>,19.815,45.511,38.67,1.52,O,B,6,A,OP1
c<B>r<6>a<244>R<A>A<OP2>,19.063,44.251,36.568,1.52,O,B,6,A,OP2
c<B>r<6>a<245>R<A>A<O5'>,18.764,46.827,36.818,1.52,O,B,6,A,O5'
c<B>r<6>a<246>R<A>A<C5'>,19.066,48.055,37.455,1.7,C,B,6,A,C5'
c<B>r<6>a<247>R<A>A<C4'>,18.237,49.137,36.833,1.7,C,B,6,A,C4'
c<B>r<6>a<248>R<A>A<O4'>,18.694,49.321,35.458,1.52,O,B,6,A,O4'
c<B>r<6>a<249>R<A>A<C3'>,16.749,48.824,36.658,1.7,C,B,6,A,C3'
c<B>r<6>a<250>R<A>A<O3'>,16.078,49.039,37.91,1.52,O,B,6,A,O3'
c<B>r<6>a<251>R<A>A<C2'>,16.406,49.83,35.551,1.7,C,B,6,A,C2'
c<B>r<6>a<252>R<A>A<O2'>,16.508,51.172,35.96,1.52,O,B,6,A,O2'
c<B>r<6>a<253>R<A>A<C1'>,17.59,49.604,34.617,1.7,C,B,6,A,C1'
c<B>r<6>a<254>R<A>A<N9>,17.328,48.411,33.831,1.55,N,B,6,A,N9
c<B>r<6>a<255>R<A>A<C8>,17.845,47.126,33.947,1.7,C,B,6,A,C8
c<B>r<6>a<256>R<A>A<N7>,17.35,46.285,33.064,1.55,N,B,6,A,N7
c<B>r<6>a<257>R<A>A<C5>,16.474,47.072,32.313,1.7,C,B,6,A,C5
c<B>r<6>a<258>R<A>A<C6>,15.593,46.763,31.266,1.7,C,B,6,A,C6
c<B>r<6>a<259>R<A>A<N6>,15.521,45.536,30.716,1.55,N,B,6,A,N6
c<B>r<6>a<260>R<A>A<N1>,14.788,47.764,30.8,1.55,N,B,6,A,N1
c<B>r<6>a<261>R<A>A<C2>,14.887,48.994,31.359,1.7,C,B,6,A,C2
c<B>r<6>a<262>R<A>A<N3>,15.687,49.399,32.352,1.55,N,B,6,A,N3
c<B>r<6>a<263>R<A>A<C4>,16.455,48.38,32.778,1.7,C,B,6,A,C4
c<B>r<6>a<264>R<A>A<H5'>,20.128,48.22,37.366,1.2,H,B,6,A,H5'
c<B>r<6>a<265>R<A>A<H5''>,18.767,47.919,38.485,1.2,H,B,6,A,H5''
c<B>r<6>a<266>R<A>A<H4'>,18.431,50.017,37.431,1.2,H,B,6,A,H4'
c<B>r<6>a<267>R<A>A<H3'>,16.601,47.797,36.356,1.2,H,B,6,A,H3'
c<B>r<6>a<268>R<A>A<H2'>,15.496,49.577,35.027,1.2,H,B,6,A,H2'
c<B>r<6>a<269>R<A>A<HO2'>,15.698,51.18,36.432,1.2,H,B,6,A,HO2'
c<B>r<6>a<270>R<A>A<H1'>,17.881,50.461,34.034,1.2,H,B,6,A,H1'
c<B>r<6>a<271>R<A>A<H8>,18.626,46.84,34.641,1.2,H,B,6,A,H8
c<B>r<6>a<272>R<A>A<H61>,16.079,44.859,31.252,1.2,H,B,6,A,H61
c<B>r<6>a<273>R<A>A<H62>,15.025,45.409,29.827,1.2,H,B,6,A,H62
c<B>r<6>a<274>R<A>A<H2>,14.257,49.763,30.95,1.2,H,B,6,A,H2
c<B>r<7>a<275>R<A>A<P>,14.71,48.233,38.308,1.8,P,B,7,A,P
c<B>r<7>a<276>R<A>A<OP1>,14.328,48.68,39.695,1.52,O,B,7,A,OP1
c<B>r<7>a<277>R<A>A<OP2>,14.982,46.814,38.07,1.52,O,B,7,A,OP2
c<B>r<7>a<278>R<A>A<O5'>,13.616,48.548,37.192,1.52,O,B,7,A,O5'
c<B>r<7>a<279>R<A>A<C5'>,13.065,49.833,37.144,1.7,C,B,7,A,C5'
c<B>r<7>a<280>R<A>A<C4'>,12.081,49.892,36.024,1.7,C,B,7,A,C4'
c<B>r<7>a<281>R<A>A<O4'>,12.856,49.51,34.862,1.52,O,B,7,A,O4'
c<B>r<7>a<282>R<A>A<C3'>,10.95,48.859,35.951,1.7,C,B,7,A,C3'
c<B>r<7>a<283>R<A>A<O3'>,9.82,49.216,36.744,1.52,O,B,7,A,O3'
c<B>r<7>a<284>R<A>A<C2'>,10.581,48.974,34.476,1.7,C,B,7,A,C2'
c<B>r<7>a<285>R<A>A<O2'>,9.866,50.149,34.092,1.52,O,B,7,A,O2'
c<B>r<7>a<286>R<A>A<C1'>,11.985,48.996,33.887,1.7,C,B,7,A,C1'
c<B>r<7>a<287>R<A>A<N9>,12.43,47.639,33.567,1.55,N,B,7,A,N9
c<B>r<7>a<288>R<A>A<C8>,13.427,46.893,34.156,1.7,C,B,7,A,C8
c<B>r<7>a<289>R<A>A<N7>,13.565,45.695,33.624,1.55,N,B,7,A,N7
c<B>r<7>a<290>R<A>A<C5>,12.613,45.664,32.597,1.7,C,B,7,A,C5
c<B>r<7>a<291>R<A>A<C6>,12.359,44.752,31.539,1.7,C,B,7,A,C6
c<B>r<7>a<292>R<A>A<N6>,13.001,43.585,31.373,1.55,N,B,7,A,N6
c<B>r<7>a<293>R<A>A<N1>,11.415,45.096,30.613,1.55,N,B,7,A,N1
c<B>r<7>a<294>R<A>A<C2>,10.787,46.289,30.729,1.7,C,B,7,A,C2
c<B>r<7>a<295>R<A>A<N3>,10.967,47.219,31.652,1.55,N,B,7,A,N3
c<B>r<7>a<296>R<A>A<C4>,11.896,46.846,32.563,1.7,C,B,7,A,C4
c<B>r<7>a<297>R<A>A<H5'>,13.912,50.451,36.897,1.2,H,B,7,A,H5'
c<B>r<7>a<298>R<A>A<H5''>,12.68,50.179,38.092,1.2,H,B,7,A,H5''
c<B>r<7>a<299>R<A>A<H4'>,11.76,50.91,35.918,1.2,H,B,7,A,H4'
c<B>r<7>a<300>R<A>A<H3'>,11.452,47.916,36.164,1.2,H,B,7,A,H3'
c<B>r<7>a<301>R<A>A<H2'>,10.182,48.054,34.086,1.2,H,B,7,A,H2'
c<B>r<7>a<302>R<A>A<HO2'>,10.411,50.874,34.408,1.2,H,B,7,A,HO2'
c<B>r<7>a<303>R<A>A<H1'>,12.103,49.686,33.071,1.2,H,B,7,A,H1'
c<B>r<7>a<304>R<A>A<H8>,14.103,47.323,34.895,1.2,H,B,7,A,H8
c<B>r<7>a<305>R<A>A<H61>,13.761,43.352,32.009,1.2,H,B,7,A,H61
c<B>r<7>a<306>R<A>A<H62>,12.719,43.023,30.59,1.2,H,B,7,A,H62
c<B>r<7>a<307>R<A>A<H2>,10.037,46.552,30.008,1.2,H,B,7,A,H2
c<B>r<8>a<308>R<A>A<P>,8.866,48.083,37.378,1.8,P,B,8,A,P
c<B>r<8>a<309>R<A>A<OP1>,8.065,48.977,38.244,1.52,O,B,8,A,OP1
c<B>r<8>a<310>R<A>A<OP2>,9.654,47.0,38.019,1.52,O,B,8,A,OP2
c<B>r<8>a<311>R<A>A<O5'>,7.944,47.458,36.268,1.52,O,B,8,A,O5'
c<B>r<8>a<312>R<A>A<C5'>,7.294,48.315,35.395,1.7,C,B,8,A,C5'
c<B>r<8>a<313>R<A>A<C4'>,6.805,47.516,34.22,1.7,C,B,8,A,C4'
c<B>r<8>a<314>R<A>A<O4'>,7.965,46.999,33.499,1.52,O,B,8,A,O4'
c<B>r<8>a<315>R<A>A<C3'>,6.087,46.197,34.511,1.7,C,B,8,A,C3'
c<B>r<8>a<316>R<A>A<O3'>,4.752,46.348,35.062,1.52,O,B,8,A,O3'
c<B>r<8>a<317>R<A>A<C2'>,6.16,45.573,33.109,1.7,C,B,8,A,C2'
c<B>r<8>a<318>R<A>A<O2'>,5.455,46.188,32.021,1.52,O,B,8,A,O2'
c<B>r<8>a<319>R<A>A<C1'>,7.618,45.83,32.766,1.7,C,B,8,A,C1'
c<B>r<8>a<320>R<A>A<N9>,8.586,44.745,33.043,1.55,N,B,8,A,N9
c<B>r<8>a<321>R<A>A<C8>,9.51,44.627,34.07,1.7,C,B,8,A,C8
c<B>r<8>a<322>R<A>A<N7>,10.253,43.542,34.006,1.55,N,B,8,A,N7
c<B>r<8>a<323>R<A>A<C5>,9.803,42.89,32.856,1.7,C,B,8,A,C5
c<B>r<8>a<324>R<A>A<C6>,10.234,41.692,32.181,1.7,C,B,8,A,C6
c<B>r<8>a<325>R<A>A<N6>,11.246,40.869,32.569,1.55,N,B,8,A,N6
c<B>r<8>a<326>R<A>A<N1>,9.567,41.362,31.05,1.55,N,B,8,A,N1
c<B>r<8>a<327>R<A>A<C2>,8.559,42.16,30.609,1.7,C,B,8,A,C2
c<B>r<8>a<328>R<A>A<N3>,8.088,43.299,31.129,1.55,N,B,8,A,N3
c<B>r<8>a<329>R<A>A<C4>,8.759,43.615,32.262,1.7,C,B,8,A,C4
c<B>r<8>a<330>R<A>A<H5'>,8.134,48.923,35.086,1.2,H,B,8,A,H5'
c<B>r<8>a<331>R<A>A<H5''>,6.6,48.897,35.976,1.2,H,B,8,A,H5''
c<B>r<8>a<332>R<A>A<H4'>,6.305,48.189,33.561,1.2,H,B,8,A,H4'
c<B>r<8>a<333>R<A>A<H3'>,6.708,45.627,35.182,1.2,H,B,8,A,H3'
c<B>r<8>a<334>R<A>A<H2'>,6.148,44.498,33.17,1.2,H,B,8,A,H2'
c<B>r<8>a<335>R<A>A<HO2'>,5.469,45.499,31.354,1.2,H,B,8,A,HO2'
c<B>r<8>a<336>R<A>A<H1'>,7.664,46.012,31.705,1.2,H,B,8,A,H1'
c<B>r<8>a<337>R<A>A<H8>,9.689,45.372,34.825,1.2,H,B,8,A,H8
c<B>r<8>a<338>R<A>A<H61>,11.81,41.085,33.379,1.2,H,B,8,A,H61
c<B>r<8>a<339>R<A>A<H62>,11.466,40.023,32.055,1.2,H,B,8,A,H62
c<B>r<8>a<340>R<A>A<H2>,8.07,41.773,29.724,1.2,H,B,8,A,H2
c<B>r<9>a<341>R<A>A<P>,4.028,45.166,35.935,1.8,P,B,9,A,P
c<B>r<9>a<342>R<A>A<OP1>,2.724,45.873,36.086,1.52,O,B,9,A,OP1
c<B>r<9>a<343>R<A>A<OP2>,4.706,44.764,37.164,1.52,O,B,9,A,OP2
c<B>r<9>a<344>R<A>A<O5'>,3.832,43.942,34.957,1.52,O,B,9,A,O5'
c<B>r<9>a<345>R<A>A<C5'>,3.236,44.118,33.665,1.7,C,B,9,A,C5'
c<B>r<9>a<346>R<A>A<C4'>,2.965,42.751,33.075,1.7,C,B,9,A,C4'
c<B>r<9>a<347>R<A>A<O4'>,4.162,42.271,32.388,1.52,O,B,9,A,O4'
c<B>r<9>a<348>R<A>A<C3'>,2.67,41.681,34.137,1.7,C,B,9,A,C3'
c<B>r<9>a<349>R<A>A<O3'>,1.292,41.88,34.556,1.52,O,B,9,A,O3'
c<B>r<9>a<350>R<A>A<C2'>,3.063,40.402,33.389,1.7,C,B,9,A,C2'
c<B>r<9>a<351>R<A>A<O2'>,2.077,39.961,32.479,1.52,O,B,9,A,O2'
c<B>r<9>a<352>R<A>A<C1'>,4.248,40.861,32.526,1.7,C,B,9,A,C1'
c<B>r<9>a<353>R<A>A<N9>,5.575,40.484,33.053,1.55,N,B,9,A,N9
c<B>r<9>a<354>R<A>A<C8>,6.24,40.877,34.198,1.7,C,B,9,A,C8
c<B>r<9>a<355>R<A>A<N7>,7.421,40.32,34.354,1.55,N,B,9,A,N7
c<B>r<9>a<356>R<A>A<C5>,7.554,39.505,33.233,1.7,C,B,9,A,C5
c<B>r<9>a<357>R<A>A<C6>,8.594,38.655,32.773,1.7,C,B,9,A,C6
c<B>r<9>a<358>R<A>A<N6>,9.772,38.425,33.409,1.55,N,B,9,A,N6
c<B>r<9>a<359>R<A>A<N1>,8.366,38.028,31.598,1.55,N,B,9,A,N1
c<B>r<9>a<360>R<A>A<C2>,7.196,38.228,30.928,1.7,C,B,9,A,C2
c<B>r<9>a<361>R<A>A<N3>,6.176,38.983,31.25,1.55,N,B,9,A,N3
c<B>r<9>a<362>R<A>A<C4>,6.416,39.602,32.422,1.7,C,B,9,A,C4
c<B>r<9>a<363>R<A>A<H5'>,3.89,44.664,32.998,1.2,H,B,9,A,H5'
c<B>r<9>a<364>R<A>A<H5''>,2.331,44.72,33.731,1.2,H,B,9,A,H5''
c<B>r<9>a<365>R<A>A<H4'>,2.161,42.812,32.358,1.2,H,B,9,A,H4'
c<B>r<9>a<366>R<A>A<H3'>,3.321,41.789,34.984,1.2,H,B,9,A,H3'
c<B>r<9>a<367>R<A>A<H2'>,3.404,39.646,34.079,1.2,H,B,9,A,H2'
c<B>r<9>a<368>R<A>A<HO2'>,2.322,39.118,32.095,1.2,H,B,9,A,HO2'
c<B>r<9>a<369>R<A>A<H1'>,4.115,40.406,31.552,1.2,H,B,9,A,H1'
c<B>r<9>a<370>R<A>A<H8>,5.834,41.59,34.884,1.2,H,B,9,A,H8
c<B>r<9>a<371>R<A>A<H61>,10.005,38.891,34.269,1.2,H,B,9,A,H61
c<B>r<9>a<372>R<A>A<H62>,10.459,37.768,33.035,1.2,H,B,9,A,H62
c<B>r<9>a<373>R<A>A<H2>,7.113,37.635,30.026,1.2,H,B,9,A,H2
c<B>r<10>a<374>R<A>A<P>,0.484,40.828,35.493,1.8,P,B,10,A,P
c<B>r<10>a<375>R<A>A<OP1>,-0.721,41.712,35.471,1.52,O,B,10,A,OP1
c<B>r<10>a<376>R<A>A<OP2>,1.048,40.41,36.824,1.52,O,B,10,A,OP2
c<B>r<10>a<377>R<A>A<O5'>,0.048,39.622,34.492,1.52,O,B,10,A,O5'
c<B>r<10>a<378>R<A>A<C5'>,-0.483,39.805,33.105,1.7,C,B,10,A,C5'
c<B>r<10>a<379>R<A>A<C4'>,-0.783,38.449,32.398,1.7,C,B,10,A,C4'
c<B>r<10>a<380>R<A>A<O4'>,0.436,37.861,31.81,1.52,O,B,10,A,O4'
c<B>r<10>a<381>R<A>A<C3'>,-1.338,37.359,33.323,1.7,C,B,10,A,C3'
c<B>r<10>a<382>R<A>A<O3'>,-2.79,37.551,33.57,1.52,O,B,10,A,O3'
c<B>r<10>a<383>R<A>A<C2'>,-0.895,36.029,32.668,1.7,C,B,10,A,C2'
c<B>r<10>a<384>R<A>A<O2'>,-1.97,35.415,31.923,1.52,O,B,10,A,O2'
c<B>r<10>a<385>R<A>A<C1'>,0.398,36.423,31.887,1.7,C,B,10,A,C1'
c<B>r<10>a<386>R<A>A<N9>,1.709,35.934,32.433,1.55,N,B,10,A,N9
c<B>r<10>a<387>R<A>A<C8>,2.273,36.309,33.655,1.7,C,B,10,A,C8
c<B>r<10>a<388>R<A>A<N7>,3.424,35.721,33.929,1.55,N,B,10,A,N7
c<B>r<10>a<389>R<A>A<C5>,3.66,34.899,32.824,1.7,C,B,10,A,C5
c<B>r<10>a<390>R<A>A<C6>,4.665,33.896,32.569,1.7,C,B,10,A,C6
c<B>r<10>a<391>R<A>A<N6>,5.706,33.637,33.385,1.55,N,B,10,A,N6
c<B>r<10>a<392>R<A>A<N1>,4.548,33.164,31.434,1.55,N,B,10,A,N1
c<B>r<10>a<393>R<A>A<C2>,3.504,33.408,30.619,1.7,C,B,10,A,C2
c<B>r<10>a<394>R<A>A<N3>,2.5,34.295,30.745,1.55,N,B,10,A,N3
c<B>r<10>a<395>R<A>A<C4>,2.623,35.025,31.88,1.7,C,B,10,A,C4
c<B>r<10>a<396>R<A>A<H5'>,0.234,40.302,32.474,1.2,H,B,10,A,H5'
c<B>r<10>a<397>R<A>A<H5''>,-1.378,40.416,33.016,1.2,H,B,10,A,H5''
c<B>r<10>a<398>R<A>A<H4'>,-1.491,38.596,31.584,1.2,H,B,10,A,H4'
c<B>r<10>a<399>R<A>A<H3'>,-0.777,37.473,34.237,1.2,H,B,10,A,H3'
c<B>r<10>a<400>R<A>A<HO3'>,-3.078,38.301,33.052,1.2,H,B,10,A,HO3'
c<B>r<10>a<401>R<A>A<H2'>,-0.64,35.324,33.445,1.2,H,B,10,A,H2'
c<B>r<10>a<402>R<A>A<HO2'>,-1.576,34.894,31.225,1.2,H,B,10,A,HO2'
c<B>r<10>a<403>R<A>A<H1'>,0.326,36.021,30.888,1.2,H,B,10,A,H1'
c<B>r<10>a<404>R<A>A<H8>,1.828,37.024,34.338,1.2,H,B,10,A,H8
c<B>r<10>a<405>R<A>A<H61>,5.795,34.135,34.263,1.2,H,B,10,A,H61
c<B>r<10>a<406>R<A>A<H62>,6.403,32.948,33.142,1.2,H,B,10,A,H62
c<B>r<10>a<407>R<A>A<H2>,3.467,32.819,29.719,1.2,H,B,10,A,H2
c<C>r<1>a<409>R<U>A<OP3>,13.62,31.17,29.107,1.52,O,C,1,U,OP3
c<C>r<1>a<410>R<U>A<P>,13.899,32.668,28.572,1.8,P,C,1,U,P
c<C>r<1>a<411>R<U>A<OP1>,14.099,33.373,29.882,1.52,O,C,1,U,OP1
c<C>r<1>a<412>R<U>A<OP2>,14.988,32.64,27.547,1.52,O,C,1,U,OP2
c<C>r<1>a<413>R<U>A<O5'>,12.499,33.115,27.901,1.52,O,C,1,U,O5'
c<C>r<1>a<414>R<U>A<C5'>,11.979,32.588,26.641,1.7,C,C,1,U,C5'
c<C>r<1>a<415>R<U>A<C4'>,10.637,33.219,26.226,1.7,C,C,1,U,C4'
c<C>r<1>a<416>R<U>A<O4'>,9.623,33.13,27.272,1.52,O,C,1,U,O4'
c<C>r<1>a<417>R<U>A<C3'>,10.688,34.676,25.801,1.7,C,C,1,U,C3'
c<C>r<1>a<418>R<U>A<O3'>,11.211,34.643,24.457,1.52,O,C,1,U,O3'
c<C>r<1>a<419>R<U>A<C2'>,9.218,35.099,26.023,1.7,C,C,1,U,C2'
c<C>r<1>a<420>R<U>A<O2'>,8.289,34.626,24.949,1.52,O,C,1,U,O2'
c<C>r<1>a<421>R<U>A<C1'>,8.887,34.349,27.334,1.7,C,C,1,U,C1'
c<C>r<1>a<422>R<U>A<N1>,9.152,34.925,28.681,1.55,N,C,1,U,N1
c<C>r<1>a<423>R<U>A<C2>,8.194,35.738,29.283,1.7,C,C,1,U,C2
c<C>r<1>a<424>R<U>A<O2>,7.134,36.083,28.738,1.52,O,C,1,U,O2
c<C>r<1>a<425>R<U>A<N3>,8.545,36.144,30.561,1.55,N,C,1,U,N3
c<C>r<1>a<426>R<U>A<C4>,9.696,35.896,31.276,1.7,C,C,1,U,C4
c<C>r<1>a<427>R<U>A<O4>,9.838,36.362,32.418,1.52,O,C,1,U,O4
c<C>r<1>a<428>R<U>A<C5>,10.624,35.103,30.602,1.7,C,C,1,U,C5
c<C>r<1>a<429>R<U>A<C6>,10.339,34.645,29.373,1.7,C,C,1,U,C6
c<C>r<1>a<430>R<U>A<HOP3>,13.489,31.404,30.036,1.2,H,C,1,U,HOP3
c<C>r<1>a<431>R<U>A<H5'>,11.731,31.543,26.747,1.2,H,C,1,U,H5'
c<C>r<1>a<432>R<U>A<H5''>,12.64,32.8,25.818,1.2,H,C,1,U,H5''
c<C>r<1>a<433>R<U>A<H4'>,10.187,32.73,25.374,1.2,H,C,1,U,H4'
c<C>r<1>a<434>R<U>A<H3'>,11.327,35.245,26.456,1.2,H,C,1,U,H3'
c<C>r<1>a<435>R<U>A<H2'>,9.105,36.143,26.329,1.2,H,C,1,U,H2'
c<C>r<1>a<436>R<U>A<HO2'>,7.635,35.361,25.149,1.2,H,C,1,U,HO2'
c<C>r<1>a<437>R<U>A<H1'>,7.829,34.119,27.307,1.2,H,C,1,U,H1'
c<C>r<1>a<438>R<U>A<H3>,7.997,36.598,31.24,1.2,H,C,1,U,H3
c<C>r<1>a<439>R<U>A<H5>,11.521,34.929,31.171,1.2,H,C,1,U,H5
c<C>r<1>a<440>R<U>A<H6>,11.091,33.997,28.992,1.2,H,C,1,U,H6
c<C>r<2>a<441>R<U>A<P>,11.821,35.974,23.79,1.8,P,C,2,U,P
c<C>r<2>a<442>R<U>A<OP1>,11.83,35.732,22.323,1.52,O,C,2,U,OP1
c<C>r<2>a<443>R<U>A<OP2>,13.045,36.424,24.515,1.52,O,C,2,U,OP2
c<C>r<2>a<444>R<U>A<O5'>,10.58,36.974,23.914,1.52,O,C,2,U,O5'
c<C>r<2>a<445>R<U>A<C5'>,9.334,36.762,23.185,1.7,C,C,2,U,C5'
c<C>r<2>a<446>R<U>A<C4'>,8.235,37.708,23.684,1.7,C,C,2,U,C4'
c<C>r<2>a<447>R<U>A<O4'>,7.895,37.435,25.079,1.52,O,C,2,U,O4'
c<C>r<2>a<448>R<U>A<C3'>,8.692,39.149,23.753,1.7,C,C,2,U,C3'
c<C>r<2>a<449>R<U>A<O3'>,8.6,39.737,22.484,1.52,O,C,2,U,O3'
c<C>r<2>a<450>R<U>A<C2'>,7.77,39.774,24.801,1.7,C,C,2,U,C2'
c<C>r<2>a<451>R<U>A<O2'>,6.441,40.079,24.37,1.52,O,C,2,U,O2'
c<C>r<2>a<452>R<U>A<C1'>,7.759,38.645,25.828,1.7,C,C,2,U,C1'
c<C>r<2>a<453>R<U>A<N1>,8.818,38.746,26.875,1.55,N,C,2,U,N1
c<C>r<2>a<454>R<U>A<C2>,8.545,39.596,27.948,1.7,C,C,2,U,C2
c<C>r<2>a<455>R<U>A<O2>,7.482,40.235,28.03,1.52,O,C,2,U,O2
c<C>r<2>a<456>R<U>A<N3>,9.546,39.673,28.916,1.55,N,C,2,U,N3
c<C>r<2>a<457>R<U>A<C4>,10.782,39.004,28.948,1.7,C,C,2,U,C4
c<C>r<2>a<458>R<U>A<O4>,11.563,39.157,29.906,1.52,O,C,2,U,O4
c<C>r<2>a<459>R<U>A<C5>,11.0,38.148,27.83,1.7,C,C,2,U,C5
c<C>r<2>a<460>R<U>A<C6>,10.05,38.049,26.856,1.7,C,C,2,U,C6
c<C>r<2>a<461>R<U>A<H5'>,8.963,35.742,23.219,1.2,H,C,2,U,H5'
c<C>r<2>a<462>R<U>A<H5''>,9.582,37.005,22.161,1.2,H,C,2,U,H5''
c<C>r<2>a<463>R<U>A<H4'>,7.342,37.597,23.075,1.2,H,C,2,U,H4'
c<C>r<2>a<464>R<U>A<H3'>,9.726,39.205,24.071,1.2,H,C,2,U,H3'
c<C>r<2>a<465>R<U>A<H2'>,8.242,40.628,25.27,1.2,H,C,2,U,H2'
c<C>r<2>a<466>R<U>A<HO2'>,5.987,40.49,25.105,1.2,H,C,2,U,HO2'
c<C>r<2>a<467>R<U>A<H1'>,6.792,38.518,26.288,1.2,H,C,2,U,H1'
c<C>r<2>a<468>R<U>A<H3>,9.334,40.271,29.699,1.2,H,C,2,U,H3
c<C>r<2>a<469>R<U>A<H5>,11.888,37.528,27.819,1.2,H,C,2,U,H5
c<C>r<2>a<470>R<U>A<H6>,10.295,37.357,26.069,1.2,H,C,2,U,H6
c<C>r<3>a<471>R<U>A<P>,9.639,40.881,22.125,1.8,P,C,3,U,P
c<C>r<3>a<472>R<U>A<OP1>,9.716,41.099,20.663,1.52,O,C,3,U,OP1
c<C>r<3>a<473>R<U>A<OP2>,10.949,40.668,22.859,1.52,O,C,3,U,OP2
c<C>r<3>a<474>R<U>A<O5'>,9.047,42.233,22.779,1.52,O,C,3,U,O5'
c<C>r<3>a<475>R<U>A<C5'>,7.824,42.897,22.327,1.7,C,C,3,U,C5'
c<C>r<3>a<476>R<U>A<C4'>,7.423,44.105,23.21,1.7,C,C,3,U,C4'
c<C>r<3>a<477>R<U>A<O4'>,7.028,43.724,24.568,1.52,O,C,3,U,O4'
c<C>r<3>a<478>R<U>A<C3'>,8.457,45.214,23.404,1.7,C,C,3,U,C3'
c<C>r<3>a<479>R<U>A<O3'>,8.438,46.121,22.308,1.52,O,C,3,U,O3'
c<C>r<3>a<480>R<U>A<C2'>,7.927,45.924,24.652,1.7,C,C,3,U,C2'
c<C>r<3>a<481>R<U>A<O2'>,6.821,46.771,24.414,1.52,O,C,3,U,O2'
c<C>r<3>a<482>R<U>A<C1'>,7.461,44.73,25.486,1.7,C,C,3,U,C1'
c<C>r<3>a<483>R<U>A<N1>,8.595,44.21,26.271,1.55,N,C,3,U,N1
c<C>r<3>a<484>R<U>A<C2>,8.9,44.831,27.481,1.7,C,C,3,U,C2
c<C>r<3>a<485>R<U>A<O2>,8.231,45.785,27.961,1.52,O,C,3,U,O2
c<C>r<3>a<486>R<U>A<N3>,10.019,44.29,28.105,1.55,N,C,3,U,N3
c<C>r<3>a<487>R<U>A<C4>,10.835,43.206,27.66,1.7,C,C,3,U,C4
c<C>r<3>a<488>R<U>A<O4>,11.844,42.844,28.297,1.52,O,C,3,U,O4
c<C>r<3>a<489>R<U>A<C5>,10.411,42.632,26.435,1.7,C,C,3,U,C5
c<C>r<3>a<490>R<U>A<C6>,9.343,43.133,25.801,1.7,C,C,3,U,C6
c<C>r<3>a<491>R<U>A<H5'>,6.944,42.276,22.297,1.2,H,C,3,U,H5'
c<C>r<3>a<492>R<U>A<H5''>,7.963,43.284,21.324,1.2,H,C,3,U,H5''
c<C>r<3>a<493>R<U>A<H4'>,6.561,44.583,22.761,1.2,H,C,3,U,H4'
c<C>r<3>a<494>R<U>A<H3'>,9.433,44.751,23.505,1.2,H,C,3,U,H3'
c<C>r<3>a<495>R<U>A<H2'>,8.76,46.467,25.09,1.2,H,C,3,U,H2'
c<C>r<3>a<496>R<U>A<HO2'>,7.195,47.517,23.924,1.2,H,C,3,U,HO2'
c<C>r<3>a<497>R<U>A<H1'>,6.632,45.048,26.093,1.2,H,C,3,U,H1'
c<C>r<3>a<498>R<U>A<H3>,10.245,44.756,28.967,1.2,H,C,3,U,H3
c<C>r<3>a<499>R<U>A<H5>,10.916,41.76,26.044,1.2,H,C,3,U,H5
c<C>r<3>a<500>R<U>A<H6>,9.04,42.638,24.894,1.2,H,C,3,U,H6
c<C>r<4>a<501>R<U>A<P>,9.804,46.771,21.794,1.8,P,C,4,U,P
c<C>r<4>a<502>R<U>A<OP1>,9.595,47.36,20.428,1.52,O,C,4,U,OP1
c<C>r<4>a<503>R<U>A<OP2>,11.019,45.895,21.99,1.52,O,C,4,U,OP2
c<C>r<4>a<504>R<U>A<O5'>,10.151,47.925,22.862,1.52,O,C,4,U,O5'
c<C>r<4>a<505>R<U>A<C5'>,9.237,48.972,23.255,1.7,C,C,4,U,C5'
c<C>r<4>a<506>R<U>A<C4'>,9.719,49.766,24.5,1.7,C,C,4,U,C4'
c<C>r<4>a<507>R<U>A<O4'>,9.543,49.02,25.754,1.52,O,C,4,U,O4'
c<C>r<4>a<508>R<U>A<C3'>,11.171,50.229,24.608,1.7,C,C,4,U,C3'
c<C>r<4>a<509>R<U>A<O3'>,11.452,51.341,23.763,1.52,O,C,4,U,O3'
c<C>r<4>a<510>R<U>A<C2'>,11.22,50.639,26.089,1.7,C,C,4,U,C2'
c<C>r<4>a<511>R<U>A<O2'>,10.488,51.773,26.549,1.52,O,C,4,U,O2'
c<C>r<4>a<512>R<U>A<C1'>,10.502,49.449,26.723,1.7,C,C,4,U,C1'
c<C>r<4>a<513>R<U>A<N1>,11.43,48.337,27.051,1.55,N,C,4,U,N1
c<C>r<4>a<514>R<U>A<C2>,12.193,48.413,28.229,1.7,C,C,4,U,C2
c<C>r<4>a<515>R<U>A<O2>,12.141,49.39,28.985,1.52,O,C,4,U,O2
c<C>r<4>a<516>R<U>A<N3>,13.029,47.307,28.47,1.55,N,C,4,U,N3
c<C>r<4>a<517>R<U>A<C4>,13.202,46.139,27.662,1.7,C,C,4,U,C4
c<C>r<4>a<518>R<U>A<O4>,14.012,45.2,27.994,1.52,O,C,4,U,O4
c<C>r<4>a<519>R<U>A<C5>,12.383,46.164,26.468,1.7,C,C,4,U,C5
c<C>r<4>a<520>R<U>A<C6>,11.549,47.225,26.221,1.7,C,C,4,U,C6
c<C>r<4>a<521>R<U>A<H5'>,8.284,48.566,23.553,1.2,H,C,4,U,H5'
c<C>r<4>a<522>R<U>A<H5''>,9.078,49.682,22.456,1.2,H,C,4,U,H5''
c<C>r<4>a<523>R<U>A<H4'>,9.065,50.618,24.644,1.2,H,C,4,U,H4'
c<C>r<4>a<524>R<U>A<H3'>,11.764,49.366,24.33,1.2,H,C,4,U,H3'
c<C>r<4>a<525>R<U>A<H2'>,12.253,50.596,26.41,1.2,H,C,4,U,H2'
c<C>r<4>a<526>R<U>A<HO2'>,10.908,51.958,27.406,1.2,H,C,4,U,HO2'
c<C>r<4>a<527>R<U>A<H1'>,9.993,49.784,27.612,1.2,H,C,4,U,H1'
c<C>r<4>a<528>R<U>A<H3>,13.531,47.402,29.351,1.2,H,C,4,U,H3
c<C>r<4>a<529>R<U>A<H5>,12.395,45.346,25.77,1.2,H,C,4,U,H5
c<C>r<4>a<530>R<U>A<H6>,10.924,47.207,25.339,1.2,H,C,4,U,H6
c<C>r<5>a<531>R<U>A<P>,12.809,51.402,22.901,1.8,P,C,5,U,P
c<C>r<5>a<532>R<U>A<OP1>,12.8,52.397,21.777,1.52,O,C,5,U,OP1
c<C>r<5>a<533>R<U>A<OP2>,13.476,50.088,22.64,1.52,O,C,5,U,OP2
c<C>r<5>a<534>R<U>A<O5'>,13.821,52.005,23.982,1.52,O,C,5,U,O5'
c<C>r<5>a<535>R<U>A<C5'>,13.713,53.327,24.52,1.7,C,C,5,U,C5'
c<C>r<5>a<536>R<U>A<C4'>,14.508,53.469,25.814,1.7,C,C,5,U,C4'
c<C>r<5>a<537>R<U>A<O4'>,14.117,52.437,26.758,1.52,O,C,5,U,O4'
c<C>r<5>a<538>R<U>A<C3'>,16.024,53.281,25.697,1.7,C,C,5,U,C3'
c<C>r<5>a<539>R<U>A<O3'>,16.638,54.461,25.204,1.52,O,C,5,U,O3'
c<C>r<5>a<540>R<U>A<C2'>,16.421,52.941,27.134,1.7,C,C,5,U,C2'
c<C>r<5>a<541>R<U>A<O2'>,16.432,54.063,28.038,1.52,O,C,5,U,O2'
c<C>r<5>a<542>R<U>A<C1'>,15.263,51.983,27.478,1.7,C,C,5,U,C1'
c<C>r<5>a<543>R<U>A<N1>,15.548,50.546,27.173,1.55,N,C,5,U,N1
c<C>r<5>a<544>R<U>A<C2>,16.357,49.862,28.106,1.7,C,C,5,U,C2
c<C>r<5>a<545>R<U>A<O2>,16.841,50.387,29.093,1.52,O,C,5,U,O2
c<C>r<5>a<546>R<U>A<N3>,16.596,48.521,27.843,1.55,N,C,5,U,N3
c<C>r<5>a<547>R<U>A<C4>,16.158,47.773,26.803,1.7,C,C,5,U,C4
c<C>r<5>a<548>R<U>A<O4>,16.436,46.558,26.813,1.52,O,C,5,U,O4
c<C>r<5>a<549>R<U>A<C5>,15.348,48.499,25.85,1.7,C,C,5,U,C5
c<C>r<5>a<550>R<U>A<C6>,15.07,49.827,26.061,1.7,C,C,5,U,C6
c<C>r<5>a<551>R<U>A<H5'>,12.681,53.593,24.654,1.2,H,C,5,U,H5'
c<C>r<5>a<552>R<U>A<H5''>,14.153,53.999,23.79,1.2,H,C,5,U,H5''
c<C>r<5>a<553>R<U>A<H4'>,14.252,54.417,26.261,1.2,H,C,5,U,H4'
c<C>r<5>a<554>R<U>A<H3'>,16.229,52.478,25.002,1.2,H,C,5,U,H3'
c<C>r<5>a<555>R<U>A<H2'>,17.334,52.365,27.124,1.2,H,C,5,U,H2'
c<C>r<5>a<556>R<U>A<HO2'>,15.539,54.386,28.094,1.2,H,C,5,U,HO2'
c<C>r<5>a<557>R<U>A<H1'>,14.962,52.063,28.507,1.2,H,C,5,U,H1'
c<C>r<5>a<558>R<U>A<H3>,17.18,48.043,28.513,1.2,H,C,5,U,H3
c<C>r<5>a<559>R<U>A<H5>,14.95,47.948,25.012,1.2,H,C,5,U,H5
c<C>r<5>a<560>R<U>A<H6>,14.421,50.303,25.346,1.2,H,C,5,U,H6
